20,look_up_table_pcell:neuron_0p3_monte_carlo_spike:1,"(length(cross(VT(""/axon"") 0.22 0 ""rising"")) / 0.01)",2300
22,look_up_table_pcell:neuron_0p3_monte_carlo_spike:1,"(length(cross(VT(""/axon"") 0.22 0 ""rising"")) / 0.01)",2100
93,look_up_table_pcell:neuron_0p3_monte_carlo_spike:1,"(length(cross(VT(""/axon"") 0.22 0 ""rising"")) / 0.01)",2000
36,look_up_table_pcell:neuron_0p3_monte_carlo_spike:1,"(length(cross(VT(""/axon"") 0.22 0 ""rising"")) / 0.01)",1800
89,look_up_table_pcell:neuron_0p3_monte_carlo_spike:1,"(length(cross(VT(""/axon"") 0.22 0 ""rising"")) / 0.01)",1800
64,look_up_table_pcell:neuron_0p3_monte_carlo_spike:1,"(length(cross(VT(""/axon"") 0.22 0 ""rising"")) / 0.01)",1700
97,look_up_table_pcell:neuron_0p3_monte_carlo_spike:1,"(length(cross(VT(""/axon"") 0.22 0 ""rising"")) / 0.01)",1700
192,look_up_table_pcell:neuron_0p3_monte_carlo_spike:1,"(length(cross(VT(""/axon"") 0.22 0 ""rising"")) / 0.01)",1700
51,look_up_table_pcell:neuron_0p3_monte_carlo_spike:1,"(length(cross(VT(""/axon"") 0.22 0 ""rising"")) / 0.01)",1600
95,look_up_table_pcell:neuron_0p3_monte_carlo_spike:1,"(length(cross(VT(""/axon"") 0.22 0 ""rising"")) / 0.01)",1600
114,look_up_table_pcell:neuron_0p3_monte_carlo_spike:1,"(length(cross(VT(""/axon"") 0.22 0 ""rising"")) / 0.01)",1600
139,look_up_table_pcell:neuron_0p3_monte_carlo_spike:1,"(length(cross(VT(""/axon"") 0.22 0 ""rising"")) / 0.01)",1600
169,look_up_table_pcell:neuron_0p3_monte_carlo_spike:1,"(length(cross(VT(""/axon"") 0.22 0 ""rising"")) / 0.01)",1600
182,look_up_table_pcell:neuron_0p3_monte_carlo_spike:1,"(length(cross(VT(""/axon"") 0.22 0 ""rising"")) / 0.01)",1600
186,look_up_table_pcell:neuron_0p3_monte_carlo_spike:1,"(length(cross(VT(""/axon"") 0.22 0 ""rising"")) / 0.01)",1600
191,look_up_table_pcell:neuron_0p3_monte_carlo_spike:1,"(length(cross(VT(""/axon"") 0.22 0 ""rising"")) / 0.01)",1600
11,look_up_table_pcell:neuron_0p3_monte_carlo_spike:1,"(length(cross(VT(""/axon"") 0.22 0 ""rising"")) / 0.01)",1500
14,look_up_table_pcell:neuron_0p3_monte_carlo_spike:1,"(length(cross(VT(""/axon"") 0.22 0 ""rising"")) / 0.01)",1500
44,look_up_table_pcell:neuron_0p3_monte_carlo_spike:1,"(length(cross(VT(""/axon"") 0.22 0 ""rising"")) / 0.01)",1500
58,look_up_table_pcell:neuron_0p3_monte_carlo_spike:1,"(length(cross(VT(""/axon"") 0.22 0 ""rising"")) / 0.01)",1500
70,look_up_table_pcell:neuron_0p3_monte_carlo_spike:1,"(length(cross(VT(""/axon"") 0.22 0 ""rising"")) / 0.01)",1500
72,look_up_table_pcell:neuron_0p3_monte_carlo_spike:1,"(length(cross(VT(""/axon"") 0.22 0 ""rising"")) / 0.01)",1500
82,look_up_table_pcell:neuron_0p3_monte_carlo_spike:1,"(length(cross(VT(""/axon"") 0.22 0 ""rising"")) / 0.01)",1500
92,look_up_table_pcell:neuron_0p3_monte_carlo_spike:1,"(length(cross(VT(""/axon"") 0.22 0 ""rising"")) / 0.01)",1500
111,look_up_table_pcell:neuron_0p3_monte_carlo_spike:1,"(length(cross(VT(""/axon"") 0.22 0 ""rising"")) / 0.01)",1500
119,look_up_table_pcell:neuron_0p3_monte_carlo_spike:1,"(length(cross(VT(""/axon"") 0.22 0 ""rising"")) / 0.01)",1500
126,look_up_table_pcell:neuron_0p3_monte_carlo_spike:1,"(length(cross(VT(""/axon"") 0.22 0 ""rising"")) / 0.01)",1500
12,look_up_table_pcell:neuron_0p3_monte_carlo_spike:1,"(length(cross(VT(""/axon"") 0.22 0 ""rising"")) / 0.01)",1400
37,look_up_table_pcell:neuron_0p3_monte_carlo_spike:1,"(length(cross(VT(""/axon"") 0.22 0 ""rising"")) / 0.01)",1400
61,look_up_table_pcell:neuron_0p3_monte_carlo_spike:1,"(length(cross(VT(""/axon"") 0.22 0 ""rising"")) / 0.01)",1400
85,look_up_table_pcell:neuron_0p3_monte_carlo_spike:1,"(length(cross(VT(""/axon"") 0.22 0 ""rising"")) / 0.01)",1400
103,look_up_table_pcell:neuron_0p3_monte_carlo_spike:1,"(length(cross(VT(""/axon"") 0.22 0 ""rising"")) / 0.01)",1400
104,look_up_table_pcell:neuron_0p3_monte_carlo_spike:1,"(length(cross(VT(""/axon"") 0.22 0 ""rising"")) / 0.01)",1400
124,look_up_table_pcell:neuron_0p3_monte_carlo_spike:1,"(length(cross(VT(""/axon"") 0.22 0 ""rising"")) / 0.01)",1400
125,look_up_table_pcell:neuron_0p3_monte_carlo_spike:1,"(length(cross(VT(""/axon"") 0.22 0 ""rising"")) / 0.01)",1400
140,look_up_table_pcell:neuron_0p3_monte_carlo_spike:1,"(length(cross(VT(""/axon"") 0.22 0 ""rising"")) / 0.01)",1400
145,look_up_table_pcell:neuron_0p3_monte_carlo_spike:1,"(length(cross(VT(""/axon"") 0.22 0 ""rising"")) / 0.01)",1400
158,look_up_table_pcell:neuron_0p3_monte_carlo_spike:1,"(length(cross(VT(""/axon"") 0.22 0 ""rising"")) / 0.01)",1400
174,look_up_table_pcell:neuron_0p3_monte_carlo_spike:1,"(length(cross(VT(""/axon"") 0.22 0 ""rising"")) / 0.01)",1400
177,look_up_table_pcell:neuron_0p3_monte_carlo_spike:1,"(length(cross(VT(""/axon"") 0.22 0 ""rising"")) / 0.01)",1400
195,look_up_table_pcell:neuron_0p3_monte_carlo_spike:1,"(length(cross(VT(""/axon"") 0.22 0 ""rising"")) / 0.01)",1400
2,look_up_table_pcell:neuron_0p3_monte_carlo_spike:1,"(length(cross(VT(""/axon"") 0.22 0 ""rising"")) / 0.01)",1300
3,look_up_table_pcell:neuron_0p3_monte_carlo_spike:1,"(length(cross(VT(""/axon"") 0.22 0 ""rising"")) / 0.01)",1300
6,look_up_table_pcell:neuron_0p3_monte_carlo_spike:1,"(length(cross(VT(""/axon"") 0.22 0 ""rising"")) / 0.01)",1300
7,look_up_table_pcell:neuron_0p3_monte_carlo_spike:1,"(length(cross(VT(""/axon"") 0.22 0 ""rising"")) / 0.01)",1300
17,look_up_table_pcell:neuron_0p3_monte_carlo_spike:1,"(length(cross(VT(""/axon"") 0.22 0 ""rising"")) / 0.01)",1300
18,look_up_table_pcell:neuron_0p3_monte_carlo_spike:1,"(length(cross(VT(""/axon"") 0.22 0 ""rising"")) / 0.01)",1300
26,look_up_table_pcell:neuron_0p3_monte_carlo_spike:1,"(length(cross(VT(""/axon"") 0.22 0 ""rising"")) / 0.01)",1300
29,look_up_table_pcell:neuron_0p3_monte_carlo_spike:1,"(length(cross(VT(""/axon"") 0.22 0 ""rising"")) / 0.01)",1300
31,look_up_table_pcell:neuron_0p3_monte_carlo_spike:1,"(length(cross(VT(""/axon"") 0.22 0 ""rising"")) / 0.01)",1300
38,look_up_table_pcell:neuron_0p3_monte_carlo_spike:1,"(length(cross(VT(""/axon"") 0.22 0 ""rising"")) / 0.01)",1300
39,look_up_table_pcell:neuron_0p3_monte_carlo_spike:1,"(length(cross(VT(""/axon"") 0.22 0 ""rising"")) / 0.01)",1300
42,look_up_table_pcell:neuron_0p3_monte_carlo_spike:1,"(length(cross(VT(""/axon"") 0.22 0 ""rising"")) / 0.01)",1300
49,look_up_table_pcell:neuron_0p3_monte_carlo_spike:1,"(length(cross(VT(""/axon"") 0.22 0 ""rising"")) / 0.01)",1300
77,look_up_table_pcell:neuron_0p3_monte_carlo_spike:1,"(length(cross(VT(""/axon"") 0.22 0 ""rising"")) / 0.01)",1300
79,look_up_table_pcell:neuron_0p3_monte_carlo_spike:1,"(length(cross(VT(""/axon"") 0.22 0 ""rising"")) / 0.01)",1300
109,look_up_table_pcell:neuron_0p3_monte_carlo_spike:1,"(length(cross(VT(""/axon"") 0.22 0 ""rising"")) / 0.01)",1300
117,look_up_table_pcell:neuron_0p3_monte_carlo_spike:1,"(length(cross(VT(""/axon"") 0.22 0 ""rising"")) / 0.01)",1300
130,look_up_table_pcell:neuron_0p3_monte_carlo_spike:1,"(length(cross(VT(""/axon"") 0.22 0 ""rising"")) / 0.01)",1300
135,look_up_table_pcell:neuron_0p3_monte_carlo_spike:1,"(length(cross(VT(""/axon"") 0.22 0 ""rising"")) / 0.01)",1300
136,look_up_table_pcell:neuron_0p3_monte_carlo_spike:1,"(length(cross(VT(""/axon"") 0.22 0 ""rising"")) / 0.01)",1300
142,look_up_table_pcell:neuron_0p3_monte_carlo_spike:1,"(length(cross(VT(""/axon"") 0.22 0 ""rising"")) / 0.01)",1300
150,look_up_table_pcell:neuron_0p3_monte_carlo_spike:1,"(length(cross(VT(""/axon"") 0.22 0 ""rising"")) / 0.01)",1300
151,look_up_table_pcell:neuron_0p3_monte_carlo_spike:1,"(length(cross(VT(""/axon"") 0.22 0 ""rising"")) / 0.01)",1300
157,look_up_table_pcell:neuron_0p3_monte_carlo_spike:1,"(length(cross(VT(""/axon"") 0.22 0 ""rising"")) / 0.01)",1300
160,look_up_table_pcell:neuron_0p3_monte_carlo_spike:1,"(length(cross(VT(""/axon"") 0.22 0 ""rising"")) / 0.01)",1300
163,look_up_table_pcell:neuron_0p3_monte_carlo_spike:1,"(length(cross(VT(""/axon"") 0.22 0 ""rising"")) / 0.01)",1300
171,look_up_table_pcell:neuron_0p3_monte_carlo_spike:1,"(length(cross(VT(""/axon"") 0.22 0 ""rising"")) / 0.01)",1300
178,look_up_table_pcell:neuron_0p3_monte_carlo_spike:1,"(length(cross(VT(""/axon"") 0.22 0 ""rising"")) / 0.01)",1300
185,look_up_table_pcell:neuron_0p3_monte_carlo_spike:1,"(length(cross(VT(""/axon"") 0.22 0 ""rising"")) / 0.01)",1300
189,look_up_table_pcell:neuron_0p3_monte_carlo_spike:1,"(length(cross(VT(""/axon"") 0.22 0 ""rising"")) / 0.01)",1300
8,look_up_table_pcell:neuron_0p3_monte_carlo_spike:1,"(length(cross(VT(""/axon"") 0.22 0 ""rising"")) / 0.01)",1200
9,look_up_table_pcell:neuron_0p3_monte_carlo_spike:1,"(length(cross(VT(""/axon"") 0.22 0 ""rising"")) / 0.01)",1200
27,look_up_table_pcell:neuron_0p3_monte_carlo_spike:1,"(length(cross(VT(""/axon"") 0.22 0 ""rising"")) / 0.01)",1200
30,look_up_table_pcell:neuron_0p3_monte_carlo_spike:1,"(length(cross(VT(""/axon"") 0.22 0 ""rising"")) / 0.01)",1200
35,look_up_table_pcell:neuron_0p3_monte_carlo_spike:1,"(length(cross(VT(""/axon"") 0.22 0 ""rising"")) / 0.01)",1200
40,look_up_table_pcell:neuron_0p3_monte_carlo_spike:1,"(length(cross(VT(""/axon"") 0.22 0 ""rising"")) / 0.01)",1200
47,look_up_table_pcell:neuron_0p3_monte_carlo_spike:1,"(length(cross(VT(""/axon"") 0.22 0 ""rising"")) / 0.01)",1200
54,look_up_table_pcell:neuron_0p3_monte_carlo_spike:1,"(length(cross(VT(""/axon"") 0.22 0 ""rising"")) / 0.01)",1200
67,look_up_table_pcell:neuron_0p3_monte_carlo_spike:1,"(length(cross(VT(""/axon"") 0.22 0 ""rising"")) / 0.01)",1200
75,look_up_table_pcell:neuron_0p3_monte_carlo_spike:1,"(length(cross(VT(""/axon"") 0.22 0 ""rising"")) / 0.01)",1200
80,look_up_table_pcell:neuron_0p3_monte_carlo_spike:1,"(length(cross(VT(""/axon"") 0.22 0 ""rising"")) / 0.01)",1200
84,look_up_table_pcell:neuron_0p3_monte_carlo_spike:1,"(length(cross(VT(""/axon"") 0.22 0 ""rising"")) / 0.01)",1200
90,look_up_table_pcell:neuron_0p3_monte_carlo_spike:1,"(length(cross(VT(""/axon"") 0.22 0 ""rising"")) / 0.01)",1200
106,look_up_table_pcell:neuron_0p3_monte_carlo_spike:1,"(length(cross(VT(""/axon"") 0.22 0 ""rising"")) / 0.01)",1200
120,look_up_table_pcell:neuron_0p3_monte_carlo_spike:1,"(length(cross(VT(""/axon"") 0.22 0 ""rising"")) / 0.01)",1200
128,look_up_table_pcell:neuron_0p3_monte_carlo_spike:1,"(length(cross(VT(""/axon"") 0.22 0 ""rising"")) / 0.01)",1200
138,look_up_table_pcell:neuron_0p3_monte_carlo_spike:1,"(length(cross(VT(""/axon"") 0.22 0 ""rising"")) / 0.01)",1200
147,look_up_table_pcell:neuron_0p3_monte_carlo_spike:1,"(length(cross(VT(""/axon"") 0.22 0 ""rising"")) / 0.01)",1200
164,look_up_table_pcell:neuron_0p3_monte_carlo_spike:1,"(length(cross(VT(""/axon"") 0.22 0 ""rising"")) / 0.01)",1200
165,look_up_table_pcell:neuron_0p3_monte_carlo_spike:1,"(length(cross(VT(""/axon"") 0.22 0 ""rising"")) / 0.01)",1200
166,look_up_table_pcell:neuron_0p3_monte_carlo_spike:1,"(length(cross(VT(""/axon"") 0.22 0 ""rising"")) / 0.01)",1200
172,look_up_table_pcell:neuron_0p3_monte_carlo_spike:1,"(length(cross(VT(""/axon"") 0.22 0 ""rising"")) / 0.01)",1200
175,look_up_table_pcell:neuron_0p3_monte_carlo_spike:1,"(length(cross(VT(""/axon"") 0.22 0 ""rising"")) / 0.01)",1200
193,look_up_table_pcell:neuron_0p3_monte_carlo_spike:1,"(length(cross(VT(""/axon"") 0.22 0 ""rising"")) / 0.01)",1200
196,look_up_table_pcell:neuron_0p3_monte_carlo_spike:1,"(length(cross(VT(""/axon"") 0.22 0 ""rising"")) / 0.01)",1200
199,look_up_table_pcell:neuron_0p3_monte_carlo_spike:1,"(length(cross(VT(""/axon"") 0.22 0 ""rising"")) / 0.01)",1200
15,look_up_table_pcell:neuron_0p3_monte_carlo_spike:1,"(length(cross(VT(""/axon"") 0.22 0 ""rising"")) / 0.01)",1100
23,look_up_table_pcell:neuron_0p3_monte_carlo_spike:1,"(length(cross(VT(""/axon"") 0.22 0 ""rising"")) / 0.01)",1100
25,look_up_table_pcell:neuron_0p3_monte_carlo_spike:1,"(length(cross(VT(""/axon"") 0.22 0 ""rising"")) / 0.01)",1100
28,look_up_table_pcell:neuron_0p3_monte_carlo_spike:1,"(length(cross(VT(""/axon"") 0.22 0 ""rising"")) / 0.01)",1100
34,look_up_table_pcell:neuron_0p3_monte_carlo_spike:1,"(length(cross(VT(""/axon"") 0.22 0 ""rising"")) / 0.01)",1100
46,look_up_table_pcell:neuron_0p3_monte_carlo_spike:1,"(length(cross(VT(""/axon"") 0.22 0 ""rising"")) / 0.01)",1100
53,look_up_table_pcell:neuron_0p3_monte_carlo_spike:1,"(length(cross(VT(""/axon"") 0.22 0 ""rising"")) / 0.01)",1100
56,look_up_table_pcell:neuron_0p3_monte_carlo_spike:1,"(length(cross(VT(""/axon"") 0.22 0 ""rising"")) / 0.01)",1100
57,look_up_table_pcell:neuron_0p3_monte_carlo_spike:1,"(length(cross(VT(""/axon"") 0.22 0 ""rising"")) / 0.01)",1100
59,look_up_table_pcell:neuron_0p3_monte_carlo_spike:1,"(length(cross(VT(""/axon"") 0.22 0 ""rising"")) / 0.01)",1100
62,look_up_table_pcell:neuron_0p3_monte_carlo_spike:1,"(length(cross(VT(""/axon"") 0.22 0 ""rising"")) / 0.01)",1100
65,look_up_table_pcell:neuron_0p3_monte_carlo_spike:1,"(length(cross(VT(""/axon"") 0.22 0 ""rising"")) / 0.01)",1100
68,look_up_table_pcell:neuron_0p3_monte_carlo_spike:1,"(length(cross(VT(""/axon"") 0.22 0 ""rising"")) / 0.01)",1100
73,look_up_table_pcell:neuron_0p3_monte_carlo_spike:1,"(length(cross(VT(""/axon"") 0.22 0 ""rising"")) / 0.01)",1100
76,look_up_table_pcell:neuron_0p3_monte_carlo_spike:1,"(length(cross(VT(""/axon"") 0.22 0 ""rising"")) / 0.01)",1100
91,look_up_table_pcell:neuron_0p3_monte_carlo_spike:1,"(length(cross(VT(""/axon"") 0.22 0 ""rising"")) / 0.01)",1100
100,look_up_table_pcell:neuron_0p3_monte_carlo_spike:1,"(length(cross(VT(""/axon"") 0.22 0 ""rising"")) / 0.01)",1100
102,look_up_table_pcell:neuron_0p3_monte_carlo_spike:1,"(length(cross(VT(""/axon"") 0.22 0 ""rising"")) / 0.01)",1100
112,look_up_table_pcell:neuron_0p3_monte_carlo_spike:1,"(length(cross(VT(""/axon"") 0.22 0 ""rising"")) / 0.01)",1100
115,look_up_table_pcell:neuron_0p3_monte_carlo_spike:1,"(length(cross(VT(""/axon"") 0.22 0 ""rising"")) / 0.01)",1100
118,look_up_table_pcell:neuron_0p3_monte_carlo_spike:1,"(length(cross(VT(""/axon"") 0.22 0 ""rising"")) / 0.01)",1100
121,look_up_table_pcell:neuron_0p3_monte_carlo_spike:1,"(length(cross(VT(""/axon"") 0.22 0 ""rising"")) / 0.01)",1100
149,look_up_table_pcell:neuron_0p3_monte_carlo_spike:1,"(length(cross(VT(""/axon"") 0.22 0 ""rising"")) / 0.01)",1100
159,look_up_table_pcell:neuron_0p3_monte_carlo_spike:1,"(length(cross(VT(""/axon"") 0.22 0 ""rising"")) / 0.01)",1100
162,look_up_table_pcell:neuron_0p3_monte_carlo_spike:1,"(length(cross(VT(""/axon"") 0.22 0 ""rising"")) / 0.01)",1100
167,look_up_table_pcell:neuron_0p3_monte_carlo_spike:1,"(length(cross(VT(""/axon"") 0.22 0 ""rising"")) / 0.01)",1100
170,look_up_table_pcell:neuron_0p3_monte_carlo_spike:1,"(length(cross(VT(""/axon"") 0.22 0 ""rising"")) / 0.01)",1100
176,look_up_table_pcell:neuron_0p3_monte_carlo_spike:1,"(length(cross(VT(""/axon"") 0.22 0 ""rising"")) / 0.01)",1100
179,look_up_table_pcell:neuron_0p3_monte_carlo_spike:1,"(length(cross(VT(""/axon"") 0.22 0 ""rising"")) / 0.01)",1100
180,look_up_table_pcell:neuron_0p3_monte_carlo_spike:1,"(length(cross(VT(""/axon"") 0.22 0 ""rising"")) / 0.01)",1100
197,look_up_table_pcell:neuron_0p3_monte_carlo_spike:1,"(length(cross(VT(""/axon"") 0.22 0 ""rising"")) / 0.01)",1100
200,look_up_table_pcell:neuron_0p3_monte_carlo_spike:1,"(length(cross(VT(""/axon"") 0.22 0 ""rising"")) / 0.01)",1100
4,look_up_table_pcell:neuron_0p3_monte_carlo_spike:1,"(length(cross(VT(""/axon"") 0.22 0 ""rising"")) / 0.01)",1000
21,look_up_table_pcell:neuron_0p3_monte_carlo_spike:1,"(length(cross(VT(""/axon"") 0.22 0 ""rising"")) / 0.01)",1000
32,look_up_table_pcell:neuron_0p3_monte_carlo_spike:1,"(length(cross(VT(""/axon"") 0.22 0 ""rising"")) / 0.01)",1000
33,look_up_table_pcell:neuron_0p3_monte_carlo_spike:1,"(length(cross(VT(""/axon"") 0.22 0 ""rising"")) / 0.01)",1000
43,look_up_table_pcell:neuron_0p3_monte_carlo_spike:1,"(length(cross(VT(""/axon"") 0.22 0 ""rising"")) / 0.01)",1000
48,look_up_table_pcell:neuron_0p3_monte_carlo_spike:1,"(length(cross(VT(""/axon"") 0.22 0 ""rising"")) / 0.01)",1000
50,look_up_table_pcell:neuron_0p3_monte_carlo_spike:1,"(length(cross(VT(""/axon"") 0.22 0 ""rising"")) / 0.01)",1000
52,look_up_table_pcell:neuron_0p3_monte_carlo_spike:1,"(length(cross(VT(""/axon"") 0.22 0 ""rising"")) / 0.01)",1000
63,look_up_table_pcell:neuron_0p3_monte_carlo_spike:1,"(length(cross(VT(""/axon"") 0.22 0 ""rising"")) / 0.01)",1000
86,look_up_table_pcell:neuron_0p3_monte_carlo_spike:1,"(length(cross(VT(""/axon"") 0.22 0 ""rising"")) / 0.01)",1000
98,look_up_table_pcell:neuron_0p3_monte_carlo_spike:1,"(length(cross(VT(""/axon"") 0.22 0 ""rising"")) / 0.01)",1000
101,look_up_table_pcell:neuron_0p3_monte_carlo_spike:1,"(length(cross(VT(""/axon"") 0.22 0 ""rising"")) / 0.01)",1000
105,look_up_table_pcell:neuron_0p3_monte_carlo_spike:1,"(length(cross(VT(""/axon"") 0.22 0 ""rising"")) / 0.01)",1000
113,look_up_table_pcell:neuron_0p3_monte_carlo_spike:1,"(length(cross(VT(""/axon"") 0.22 0 ""rising"")) / 0.01)",1000
122,look_up_table_pcell:neuron_0p3_monte_carlo_spike:1,"(length(cross(VT(""/axon"") 0.22 0 ""rising"")) / 0.01)",1000
123,look_up_table_pcell:neuron_0p3_monte_carlo_spike:1,"(length(cross(VT(""/axon"") 0.22 0 ""rising"")) / 0.01)",1000
129,look_up_table_pcell:neuron_0p3_monte_carlo_spike:1,"(length(cross(VT(""/axon"") 0.22 0 ""rising"")) / 0.01)",1000
131,look_up_table_pcell:neuron_0p3_monte_carlo_spike:1,"(length(cross(VT(""/axon"") 0.22 0 ""rising"")) / 0.01)",1000
132,look_up_table_pcell:neuron_0p3_monte_carlo_spike:1,"(length(cross(VT(""/axon"") 0.22 0 ""rising"")) / 0.01)",1000
133,look_up_table_pcell:neuron_0p3_monte_carlo_spike:1,"(length(cross(VT(""/axon"") 0.22 0 ""rising"")) / 0.01)",1000
137,look_up_table_pcell:neuron_0p3_monte_carlo_spike:1,"(length(cross(VT(""/axon"") 0.22 0 ""rising"")) / 0.01)",1000
143,look_up_table_pcell:neuron_0p3_monte_carlo_spike:1,"(length(cross(VT(""/axon"") 0.22 0 ""rising"")) / 0.01)",1000
144,look_up_table_pcell:neuron_0p3_monte_carlo_spike:1,"(length(cross(VT(""/axon"") 0.22 0 ""rising"")) / 0.01)",1000
146,look_up_table_pcell:neuron_0p3_monte_carlo_spike:1,"(length(cross(VT(""/axon"") 0.22 0 ""rising"")) / 0.01)",1000
148,look_up_table_pcell:neuron_0p3_monte_carlo_spike:1,"(length(cross(VT(""/axon"") 0.22 0 ""rising"")) / 0.01)",1000
152,look_up_table_pcell:neuron_0p3_monte_carlo_spike:1,"(length(cross(VT(""/axon"") 0.22 0 ""rising"")) / 0.01)",1000
153,look_up_table_pcell:neuron_0p3_monte_carlo_spike:1,"(length(cross(VT(""/axon"") 0.22 0 ""rising"")) / 0.01)",1000
154,look_up_table_pcell:neuron_0p3_monte_carlo_spike:1,"(length(cross(VT(""/axon"") 0.22 0 ""rising"")) / 0.01)",1000
161,look_up_table_pcell:neuron_0p3_monte_carlo_spike:1,"(length(cross(VT(""/axon"") 0.22 0 ""rising"")) / 0.01)",1000
173,look_up_table_pcell:neuron_0p3_monte_carlo_spike:1,"(length(cross(VT(""/axon"") 0.22 0 ""rising"")) / 0.01)",1000
183,look_up_table_pcell:neuron_0p3_monte_carlo_spike:1,"(length(cross(VT(""/axon"") 0.22 0 ""rising"")) / 0.01)",1000
184,look_up_table_pcell:neuron_0p3_monte_carlo_spike:1,"(length(cross(VT(""/axon"") 0.22 0 ""rising"")) / 0.01)",1000
194,look_up_table_pcell:neuron_0p3_monte_carlo_spike:1,"(length(cross(VT(""/axon"") 0.22 0 ""rising"")) / 0.01)",1000
5,look_up_table_pcell:neuron_0p3_monte_carlo_spike:1,"(length(cross(VT(""/axon"") 0.22 0 ""rising"")) / 0.01)",900
13,look_up_table_pcell:neuron_0p3_monte_carlo_spike:1,"(length(cross(VT(""/axon"") 0.22 0 ""rising"")) / 0.01)",900
24,look_up_table_pcell:neuron_0p3_monte_carlo_spike:1,"(length(cross(VT(""/axon"") 0.22 0 ""rising"")) / 0.01)",900
55,look_up_table_pcell:neuron_0p3_monte_carlo_spike:1,"(length(cross(VT(""/axon"") 0.22 0 ""rising"")) / 0.01)",900
66,look_up_table_pcell:neuron_0p3_monte_carlo_spike:1,"(length(cross(VT(""/axon"") 0.22 0 ""rising"")) / 0.01)",900
69,look_up_table_pcell:neuron_0p3_monte_carlo_spike:1,"(length(cross(VT(""/axon"") 0.22 0 ""rising"")) / 0.01)",900
83,look_up_table_pcell:neuron_0p3_monte_carlo_spike:1,"(length(cross(VT(""/axon"") 0.22 0 ""rising"")) / 0.01)",900
87,look_up_table_pcell:neuron_0p3_monte_carlo_spike:1,"(length(cross(VT(""/axon"") 0.22 0 ""rising"")) / 0.01)",900
94,look_up_table_pcell:neuron_0p3_monte_carlo_spike:1,"(length(cross(VT(""/axon"") 0.22 0 ""rising"")) / 0.01)",900
96,look_up_table_pcell:neuron_0p3_monte_carlo_spike:1,"(length(cross(VT(""/axon"") 0.22 0 ""rising"")) / 0.01)",900
99,look_up_table_pcell:neuron_0p3_monte_carlo_spike:1,"(length(cross(VT(""/axon"") 0.22 0 ""rising"")) / 0.01)",900
108,look_up_table_pcell:neuron_0p3_monte_carlo_spike:1,"(length(cross(VT(""/axon"") 0.22 0 ""rising"")) / 0.01)",900
110,look_up_table_pcell:neuron_0p3_monte_carlo_spike:1,"(length(cross(VT(""/axon"") 0.22 0 ""rising"")) / 0.01)",900
155,look_up_table_pcell:neuron_0p3_monte_carlo_spike:1,"(length(cross(VT(""/axon"") 0.22 0 ""rising"")) / 0.01)",900
156,look_up_table_pcell:neuron_0p3_monte_carlo_spike:1,"(length(cross(VT(""/axon"") 0.22 0 ""rising"")) / 0.01)",900
181,look_up_table_pcell:neuron_0p3_monte_carlo_spike:1,"(length(cross(VT(""/axon"") 0.22 0 ""rising"")) / 0.01)",900
187,look_up_table_pcell:neuron_0p3_monte_carlo_spike:1,"(length(cross(VT(""/axon"") 0.22 0 ""rising"")) / 0.01)",900
188,look_up_table_pcell:neuron_0p3_monte_carlo_spike:1,"(length(cross(VT(""/axon"") 0.22 0 ""rising"")) / 0.01)",900
16,look_up_table_pcell:neuron_0p3_monte_carlo_spike:1,"(length(cross(VT(""/axon"") 0.22 0 ""rising"")) / 0.01)",800
19,look_up_table_pcell:neuron_0p3_monte_carlo_spike:1,"(length(cross(VT(""/axon"") 0.22 0 ""rising"")) / 0.01)",800
45,look_up_table_pcell:neuron_0p3_monte_carlo_spike:1,"(length(cross(VT(""/axon"") 0.22 0 ""rising"")) / 0.01)",800
60,look_up_table_pcell:neuron_0p3_monte_carlo_spike:1,"(length(cross(VT(""/axon"") 0.22 0 ""rising"")) / 0.01)",800
74,look_up_table_pcell:neuron_0p3_monte_carlo_spike:1,"(length(cross(VT(""/axon"") 0.22 0 ""rising"")) / 0.01)",800
81,look_up_table_pcell:neuron_0p3_monte_carlo_spike:1,"(length(cross(VT(""/axon"") 0.22 0 ""rising"")) / 0.01)",800
107,look_up_table_pcell:neuron_0p3_monte_carlo_spike:1,"(length(cross(VT(""/axon"") 0.22 0 ""rising"")) / 0.01)",800
116,look_up_table_pcell:neuron_0p3_monte_carlo_spike:1,"(length(cross(VT(""/axon"") 0.22 0 ""rising"")) / 0.01)",800
127,look_up_table_pcell:neuron_0p3_monte_carlo_spike:1,"(length(cross(VT(""/axon"") 0.22 0 ""rising"")) / 0.01)",800
168,look_up_table_pcell:neuron_0p3_monte_carlo_spike:1,"(length(cross(VT(""/axon"") 0.22 0 ""rising"")) / 0.01)",800
198,look_up_table_pcell:neuron_0p3_monte_carlo_spike:1,"(length(cross(VT(""/axon"") 0.22 0 ""rising"")) / 0.01)",800
1,look_up_table_pcell:neuron_0p3_monte_carlo_spike:1,"(length(cross(VT(""/axon"") 0.22 0 ""rising"")) / 0.01)",700
10,look_up_table_pcell:neuron_0p3_monte_carlo_spike:1,"(length(cross(VT(""/axon"") 0.22 0 ""rising"")) / 0.01)",700
88,look_up_table_pcell:neuron_0p3_monte_carlo_spike:1,"(length(cross(VT(""/axon"") 0.22 0 ""rising"")) / 0.01)",700
134,look_up_table_pcell:neuron_0p3_monte_carlo_spike:1,"(length(cross(VT(""/axon"") 0.22 0 ""rising"")) / 0.01)",700
141,look_up_table_pcell:neuron_0p3_monte_carlo_spike:1,"(length(cross(VT(""/axon"") 0.22 0 ""rising"")) / 0.01)",700
41,look_up_table_pcell:neuron_0p3_monte_carlo_spike:1,"(length(cross(VT(""/axon"") 0.22 0 ""rising"")) / 0.01)",600
78,look_up_table_pcell:neuron_0p3_monte_carlo_spike:1,"(length(cross(VT(""/axon"") 0.22 0 ""rising"")) / 0.01)",600
71,look_up_table_pcell:neuron_0p3_monte_carlo_spike:1,"(length(cross(VT(""/axon"") 0.22 0 ""rising"")) / 0.01)",500
190,look_up_table_pcell:neuron_0p3_monte_carlo_spike:1,"(length(cross(VT(""/axon"") 0.22 0 ""rising"")) / 0.01)",400
