1,look_up_table_pcell:neuron_0p3_monte_carlo_spike_devices:1,"(length(cross(VT(""/axon"") 0.22 0 ""rising"")) / 0.01)",900
2,look_up_table_pcell:neuron_0p3_monte_carlo_spike_devices:1,"(length(cross(VT(""/axon"") 0.22 0 ""rising"")) / 0.01)",1200
3,look_up_table_pcell:neuron_0p3_monte_carlo_spike_devices:1,"(length(cross(VT(""/axon"") 0.22 0 ""rising"")) / 0.01)",1100
4,look_up_table_pcell:neuron_0p3_monte_carlo_spike_devices:1,"(length(cross(VT(""/axon"") 0.22 0 ""rising"")) / 0.01)",1200
5,look_up_table_pcell:neuron_0p3_monte_carlo_spike_devices:1,"(length(cross(VT(""/axon"") 0.22 0 ""rising"")) / 0.01)",1100
6,look_up_table_pcell:neuron_0p3_monte_carlo_spike_devices:1,"(length(cross(VT(""/axon"") 0.22 0 ""rising"")) / 0.01)",1000
7,look_up_table_pcell:neuron_0p3_monte_carlo_spike_devices:1,"(length(cross(VT(""/axon"") 0.22 0 ""rising"")) / 0.01)",1400
8,look_up_table_pcell:neuron_0p3_monte_carlo_spike_devices:1,"(length(cross(VT(""/axon"") 0.22 0 ""rising"")) / 0.01)",1000
9,look_up_table_pcell:neuron_0p3_monte_carlo_spike_devices:1,"(length(cross(VT(""/axon"") 0.22 0 ""rising"")) / 0.01)",1400
10,look_up_table_pcell:neuron_0p3_monte_carlo_spike_devices:1,"(length(cross(VT(""/axon"") 0.22 0 ""rising"")) / 0.01)",700
11,look_up_table_pcell:neuron_0p3_monte_carlo_spike_devices:1,"(length(cross(VT(""/axon"") 0.22 0 ""rising"")) / 0.01)",1500
12,look_up_table_pcell:neuron_0p3_monte_carlo_spike_devices:1,"(length(cross(VT(""/axon"") 0.22 0 ""rising"")) / 0.01)",1500
13,look_up_table_pcell:neuron_0p3_monte_carlo_spike_devices:1,"(length(cross(VT(""/axon"") 0.22 0 ""rising"")) / 0.01)",1000
14,look_up_table_pcell:neuron_0p3_monte_carlo_spike_devices:1,"(length(cross(VT(""/axon"") 0.22 0 ""rising"")) / 0.01)",1300
15,look_up_table_pcell:neuron_0p3_monte_carlo_spike_devices:1,"(length(cross(VT(""/axon"") 0.22 0 ""rising"")) / 0.01)",900
16,look_up_table_pcell:neuron_0p3_monte_carlo_spike_devices:1,"(length(cross(VT(""/axon"") 0.22 0 ""rising"")) / 0.01)",1100
17,look_up_table_pcell:neuron_0p3_monte_carlo_spike_devices:1,"(length(cross(VT(""/axon"") 0.22 0 ""rising"")) / 0.01)",500
18,look_up_table_pcell:neuron_0p3_monte_carlo_spike_devices:1,"(length(cross(VT(""/axon"") 0.22 0 ""rising"")) / 0.01)",1300
19,look_up_table_pcell:neuron_0p3_monte_carlo_spike_devices:1,"(length(cross(VT(""/axon"") 0.22 0 ""rising"")) / 0.01)",800
20,look_up_table_pcell:neuron_0p3_monte_carlo_spike_devices:1,"(length(cross(VT(""/axon"") 0.22 0 ""rising"")) / 0.01)",1400
21,look_up_table_pcell:neuron_0p3_monte_carlo_spike_devices:1,"(length(cross(VT(""/axon"") 0.22 0 ""rising"")) / 0.01)",1100
22,look_up_table_pcell:neuron_0p3_monte_carlo_spike_devices:1,"(length(cross(VT(""/axon"") 0.22 0 ""rising"")) / 0.01)",1200
23,look_up_table_pcell:neuron_0p3_monte_carlo_spike_devices:1,"(length(cross(VT(""/axon"") 0.22 0 ""rising"")) / 0.01)",1400
24,look_up_table_pcell:neuron_0p3_monte_carlo_spike_devices:1,"(length(cross(VT(""/axon"") 0.22 0 ""rising"")) / 0.01)",800
25,look_up_table_pcell:neuron_0p3_monte_carlo_spike_devices:1,"(length(cross(VT(""/axon"") 0.22 0 ""rising"")) / 0.01)",1200
26,look_up_table_pcell:neuron_0p3_monte_carlo_spike_devices:1,"(length(cross(VT(""/axon"") 0.22 0 ""rising"")) / 0.01)",1000
27,look_up_table_pcell:neuron_0p3_monte_carlo_spike_devices:1,"(length(cross(VT(""/axon"") 0.22 0 ""rising"")) / 0.01)",1500
28,look_up_table_pcell:neuron_0p3_monte_carlo_spike_devices:1,"(length(cross(VT(""/axon"") 0.22 0 ""rising"")) / 0.01)",1300
29,look_up_table_pcell:neuron_0p3_monte_carlo_spike_devices:1,"(length(cross(VT(""/axon"") 0.22 0 ""rising"")) / 0.01)",800
30,look_up_table_pcell:neuron_0p3_monte_carlo_spike_devices:1,"(length(cross(VT(""/axon"") 0.22 0 ""rising"")) / 0.01)",1100
31,look_up_table_pcell:neuron_0p3_monte_carlo_spike_devices:1,"(length(cross(VT(""/axon"") 0.22 0 ""rising"")) / 0.01)",1200
32,look_up_table_pcell:neuron_0p3_monte_carlo_spike_devices:1,"(length(cross(VT(""/axon"") 0.22 0 ""rising"")) / 0.01)",1200
33,look_up_table_pcell:neuron_0p3_monte_carlo_spike_devices:1,"(length(cross(VT(""/axon"") 0.22 0 ""rising"")) / 0.01)",1100
34,look_up_table_pcell:neuron_0p3_monte_carlo_spike_devices:1,"(length(cross(VT(""/axon"") 0.22 0 ""rising"")) / 0.01)",1000
35,look_up_table_pcell:neuron_0p3_monte_carlo_spike_devices:1,"(length(cross(VT(""/axon"") 0.22 0 ""rising"")) / 0.01)",1200
36,look_up_table_pcell:neuron_0p3_monte_carlo_spike_devices:1,"(length(cross(VT(""/axon"") 0.22 0 ""rising"")) / 0.01)",1100
37,look_up_table_pcell:neuron_0p3_monte_carlo_spike_devices:1,"(length(cross(VT(""/axon"") 0.22 0 ""rising"")) / 0.01)",1400
38,look_up_table_pcell:neuron_0p3_monte_carlo_spike_devices:1,"(length(cross(VT(""/axon"") 0.22 0 ""rising"")) / 0.01)",1200
39,look_up_table_pcell:neuron_0p3_monte_carlo_spike_devices:1,"(length(cross(VT(""/axon"") 0.22 0 ""rising"")) / 0.01)",1100
40,look_up_table_pcell:neuron_0p3_monte_carlo_spike_devices:1,"(length(cross(VT(""/axon"") 0.22 0 ""rising"")) / 0.01)",700
41,look_up_table_pcell:neuron_0p3_monte_carlo_spike_devices:1,"(length(cross(VT(""/axon"") 0.22 0 ""rising"")) / 0.01)",800
42,look_up_table_pcell:neuron_0p3_monte_carlo_spike_devices:1,"(length(cross(VT(""/axon"") 0.22 0 ""rising"")) / 0.01)",1500
43,look_up_table_pcell:neuron_0p3_monte_carlo_spike_devices:1,"(length(cross(VT(""/axon"") 0.22 0 ""rising"")) / 0.01)",1000
44,look_up_table_pcell:neuron_0p3_monte_carlo_spike_devices:1,"(length(cross(VT(""/axon"") 0.22 0 ""rising"")) / 0.01)",1500
45,look_up_table_pcell:neuron_0p3_monte_carlo_spike_devices:1,"(length(cross(VT(""/axon"") 0.22 0 ""rising"")) / 0.01)",1000
46,look_up_table_pcell:neuron_0p3_monte_carlo_spike_devices:1,"(length(cross(VT(""/axon"") 0.22 0 ""rising"")) / 0.01)",1200
47,look_up_table_pcell:neuron_0p3_monte_carlo_spike_devices:1,"(length(cross(VT(""/axon"") 0.22 0 ""rising"")) / 0.01)",1000
48,look_up_table_pcell:neuron_0p3_monte_carlo_spike_devices:1,"(length(cross(VT(""/axon"") 0.22 0 ""rising"")) / 0.01)",1100
49,look_up_table_pcell:neuron_0p3_monte_carlo_spike_devices:1,"(length(cross(VT(""/axon"") 0.22 0 ""rising"")) / 0.01)",900
50,look_up_table_pcell:neuron_0p3_monte_carlo_spike_devices:1,"(length(cross(VT(""/axon"") 0.22 0 ""rising"")) / 0.01)",1300
51,look_up_table_pcell:neuron_0p3_monte_carlo_spike_devices:1,"(length(cross(VT(""/axon"") 0.22 0 ""rising"")) / 0.01)",1400
52,look_up_table_pcell:neuron_0p3_monte_carlo_spike_devices:1,"(length(cross(VT(""/axon"") 0.22 0 ""rising"")) / 0.01)",800
53,look_up_table_pcell:neuron_0p3_monte_carlo_spike_devices:1,"(length(cross(VT(""/axon"") 0.22 0 ""rising"")) / 0.01)",1600
54,look_up_table_pcell:neuron_0p3_monte_carlo_spike_devices:1,"(length(cross(VT(""/axon"") 0.22 0 ""rising"")) / 0.01)",1200
55,look_up_table_pcell:neuron_0p3_monte_carlo_spike_devices:1,"(length(cross(VT(""/axon"") 0.22 0 ""rising"")) / 0.01)",1000
56,look_up_table_pcell:neuron_0p3_monte_carlo_spike_devices:1,"(length(cross(VT(""/axon"") 0.22 0 ""rising"")) / 0.01)",900
57,look_up_table_pcell:neuron_0p3_monte_carlo_spike_devices:1,"(length(cross(VT(""/axon"") 0.22 0 ""rising"")) / 0.01)",1500
58,look_up_table_pcell:neuron_0p3_monte_carlo_spike_devices:1,"(length(cross(VT(""/axon"") 0.22 0 ""rising"")) / 0.01)",1400
59,look_up_table_pcell:neuron_0p3_monte_carlo_spike_devices:1,"(length(cross(VT(""/axon"") 0.22 0 ""rising"")) / 0.01)",1100
60,look_up_table_pcell:neuron_0p3_monte_carlo_spike_devices:1,"(length(cross(VT(""/axon"") 0.22 0 ""rising"")) / 0.01)",1100
61,look_up_table_pcell:neuron_0p3_monte_carlo_spike_devices:1,"(length(cross(VT(""/axon"") 0.22 0 ""rising"")) / 0.01)",600
62,look_up_table_pcell:neuron_0p3_monte_carlo_spike_devices:1,"(length(cross(VT(""/axon"") 0.22 0 ""rising"")) / 0.01)",1300
63,look_up_table_pcell:neuron_0p3_monte_carlo_spike_devices:1,"(length(cross(VT(""/axon"") 0.22 0 ""rising"")) / 0.01)",1000
64,look_up_table_pcell:neuron_0p3_monte_carlo_spike_devices:1,"(length(cross(VT(""/axon"") 0.22 0 ""rising"")) / 0.01)",1900
65,look_up_table_pcell:neuron_0p3_monte_carlo_spike_devices:1,"(length(cross(VT(""/axon"") 0.22 0 ""rising"")) / 0.01)",1000
66,look_up_table_pcell:neuron_0p3_monte_carlo_spike_devices:1,"(length(cross(VT(""/axon"") 0.22 0 ""rising"")) / 0.01)",1200
67,look_up_table_pcell:neuron_0p3_monte_carlo_spike_devices:1,"(length(cross(VT(""/axon"") 0.22 0 ""rising"")) / 0.01)",1000
68,look_up_table_pcell:neuron_0p3_monte_carlo_spike_devices:1,"(length(cross(VT(""/axon"") 0.22 0 ""rising"")) / 0.01)",1100
69,look_up_table_pcell:neuron_0p3_monte_carlo_spike_devices:1,"(length(cross(VT(""/axon"") 0.22 0 ""rising"")) / 0.01)",1100
70,look_up_table_pcell:neuron_0p3_monte_carlo_spike_devices:1,"(length(cross(VT(""/axon"") 0.22 0 ""rising"")) / 0.01)",1400
71,look_up_table_pcell:neuron_0p3_monte_carlo_spike_devices:1,"(length(cross(VT(""/axon"") 0.22 0 ""rising"")) / 0.01)",900
72,look_up_table_pcell:neuron_0p3_monte_carlo_spike_devices:1,"(length(cross(VT(""/axon"") 0.22 0 ""rising"")) / 0.01)",1200
73,look_up_table_pcell:neuron_0p3_monte_carlo_spike_devices:1,"(length(cross(VT(""/axon"") 0.22 0 ""rising"")) / 0.01)",1100
74,look_up_table_pcell:neuron_0p3_monte_carlo_spike_devices:1,"(length(cross(VT(""/axon"") 0.22 0 ""rising"")) / 0.01)",1000
75,look_up_table_pcell:neuron_0p3_monte_carlo_spike_devices:1,"(length(cross(VT(""/axon"") 0.22 0 ""rising"")) / 0.01)",1300
76,look_up_table_pcell:neuron_0p3_monte_carlo_spike_devices:1,"(length(cross(VT(""/axon"") 0.22 0 ""rising"")) / 0.01)",900
77,look_up_table_pcell:neuron_0p3_monte_carlo_spike_devices:1,"(length(cross(VT(""/axon"") 0.22 0 ""rising"")) / 0.01)",1400
78,look_up_table_pcell:neuron_0p3_monte_carlo_spike_devices:1,"(length(cross(VT(""/axon"") 0.22 0 ""rising"")) / 0.01)",700
79,look_up_table_pcell:neuron_0p3_monte_carlo_spike_devices:1,"(length(cross(VT(""/axon"") 0.22 0 ""rising"")) / 0.01)",900
80,look_up_table_pcell:neuron_0p3_monte_carlo_spike_devices:1,"(length(cross(VT(""/axon"") 0.22 0 ""rising"")) / 0.01)",1400
81,look_up_table_pcell:neuron_0p3_monte_carlo_spike_devices:1,"(length(cross(VT(""/axon"") 0.22 0 ""rising"")) / 0.01)",1000
82,look_up_table_pcell:neuron_0p3_monte_carlo_spike_devices:1,"(length(cross(VT(""/axon"") 0.22 0 ""rising"")) / 0.01)",1200
83,look_up_table_pcell:neuron_0p3_monte_carlo_spike_devices:1,"(length(cross(VT(""/axon"") 0.22 0 ""rising"")) / 0.01)",900
84,look_up_table_pcell:neuron_0p3_monte_carlo_spike_devices:1,"(length(cross(VT(""/axon"") 0.22 0 ""rising"")) / 0.01)",1500
85,look_up_table_pcell:neuron_0p3_monte_carlo_spike_devices:1,"(length(cross(VT(""/axon"") 0.22 0 ""rising"")) / 0.01)",1100
86,look_up_table_pcell:neuron_0p3_monte_carlo_spike_devices:1,"(length(cross(VT(""/axon"") 0.22 0 ""rising"")) / 0.01)",1100
87,look_up_table_pcell:neuron_0p3_monte_carlo_spike_devices:1,"(length(cross(VT(""/axon"") 0.22 0 ""rising"")) / 0.01)",1000
88,look_up_table_pcell:neuron_0p3_monte_carlo_spike_devices:1,"(length(cross(VT(""/axon"") 0.22 0 ""rising"")) / 0.01)",1200
89,look_up_table_pcell:neuron_0p3_monte_carlo_spike_devices:1,"(length(cross(VT(""/axon"") 0.22 0 ""rising"")) / 0.01)",1000
90,look_up_table_pcell:neuron_0p3_monte_carlo_spike_devices:1,"(length(cross(VT(""/axon"") 0.22 0 ""rising"")) / 0.01)",1100
91,look_up_table_pcell:neuron_0p3_monte_carlo_spike_devices:1,"(length(cross(VT(""/axon"") 0.22 0 ""rising"")) / 0.01)",1000
92,look_up_table_pcell:neuron_0p3_monte_carlo_spike_devices:1,"(length(cross(VT(""/axon"") 0.22 0 ""rising"")) / 0.01)",1400
93,look_up_table_pcell:neuron_0p3_monte_carlo_spike_devices:1,"(length(cross(VT(""/axon"") 0.22 0 ""rising"")) / 0.01)",1000
94,look_up_table_pcell:neuron_0p3_monte_carlo_spike_devices:1,"(length(cross(VT(""/axon"") 0.22 0 ""rising"")) / 0.01)",1000
95,look_up_table_pcell:neuron_0p3_monte_carlo_spike_devices:1,"(length(cross(VT(""/axon"") 0.22 0 ""rising"")) / 0.01)",1800
96,look_up_table_pcell:neuron_0p3_monte_carlo_spike_devices:1,"(length(cross(VT(""/axon"") 0.22 0 ""rising"")) / 0.01)",900
97,look_up_table_pcell:neuron_0p3_monte_carlo_spike_devices:1,"(length(cross(VT(""/axon"") 0.22 0 ""rising"")) / 0.01)",1600
98,look_up_table_pcell:neuron_0p3_monte_carlo_spike_devices:1,"(length(cross(VT(""/axon"") 0.22 0 ""rising"")) / 0.01)",500
99,look_up_table_pcell:neuron_0p3_monte_carlo_spike_devices:1,"(length(cross(VT(""/axon"") 0.22 0 ""rising"")) / 0.01)",1400
100,look_up_table_pcell:neuron_0p3_monte_carlo_spike_devices:1,"(length(cross(VT(""/axon"") 0.22 0 ""rising"")) / 0.01)",1300
101,look_up_table_pcell:neuron_0p3_monte_carlo_spike_devices:1,"(length(cross(VT(""/axon"") 0.22 0 ""rising"")) / 0.01)",900
102,look_up_table_pcell:neuron_0p3_monte_carlo_spike_devices:1,"(length(cross(VT(""/axon"") 0.22 0 ""rising"")) / 0.01)",700
103,look_up_table_pcell:neuron_0p3_monte_carlo_spike_devices:1,"(length(cross(VT(""/axon"") 0.22 0 ""rising"")) / 0.01)",1600
104,look_up_table_pcell:neuron_0p3_monte_carlo_spike_devices:1,"(length(cross(VT(""/axon"") 0.22 0 ""rising"")) / 0.01)",1400
105,look_up_table_pcell:neuron_0p3_monte_carlo_spike_devices:1,"(length(cross(VT(""/axon"") 0.22 0 ""rising"")) / 0.01)",1000
106,look_up_table_pcell:neuron_0p3_monte_carlo_spike_devices:1,"(length(cross(VT(""/axon"") 0.22 0 ""rising"")) / 0.01)",1100
107,look_up_table_pcell:neuron_0p3_monte_carlo_spike_devices:1,"(length(cross(VT(""/axon"") 0.22 0 ""rising"")) / 0.01)",1200
108,look_up_table_pcell:neuron_0p3_monte_carlo_spike_devices:1,"(length(cross(VT(""/axon"") 0.22 0 ""rising"")) / 0.01)",800
109,look_up_table_pcell:neuron_0p3_monte_carlo_spike_devices:1,"(length(cross(VT(""/axon"") 0.22 0 ""rising"")) / 0.01)",1500
110,look_up_table_pcell:neuron_0p3_monte_carlo_spike_devices:1,"(length(cross(VT(""/axon"") 0.22 0 ""rising"")) / 0.01)",900
111,look_up_table_pcell:neuron_0p3_monte_carlo_spike_devices:1,"(length(cross(VT(""/axon"") 0.22 0 ""rising"")) / 0.01)",1400
112,look_up_table_pcell:neuron_0p3_monte_carlo_spike_devices:1,"(length(cross(VT(""/axon"") 0.22 0 ""rising"")) / 0.01)",1100
113,look_up_table_pcell:neuron_0p3_monte_carlo_spike_devices:1,"(length(cross(VT(""/axon"") 0.22 0 ""rising"")) / 0.01)",1500
114,look_up_table_pcell:neuron_0p3_monte_carlo_spike_devices:1,"(length(cross(VT(""/axon"") 0.22 0 ""rising"")) / 0.01)",1400
115,look_up_table_pcell:neuron_0p3_monte_carlo_spike_devices:1,"(length(cross(VT(""/axon"") 0.22 0 ""rising"")) / 0.01)",900
116,look_up_table_pcell:neuron_0p3_monte_carlo_spike_devices:1,"(length(cross(VT(""/axon"") 0.22 0 ""rising"")) / 0.01)",900
117,look_up_table_pcell:neuron_0p3_monte_carlo_spike_devices:1,"(length(cross(VT(""/axon"") 0.22 0 ""rising"")) / 0.01)",800
118,look_up_table_pcell:neuron_0p3_monte_carlo_spike_devices:1,"(length(cross(VT(""/axon"") 0.22 0 ""rising"")) / 0.01)",1200
119,look_up_table_pcell:neuron_0p3_monte_carlo_spike_devices:1,"(length(cross(VT(""/axon"") 0.22 0 ""rising"")) / 0.01)",2000
120,look_up_table_pcell:neuron_0p3_monte_carlo_spike_devices:1,"(length(cross(VT(""/axon"") 0.22 0 ""rising"")) / 0.01)",1200
121,look_up_table_pcell:neuron_0p3_monte_carlo_spike_devices:1,"(length(cross(VT(""/axon"") 0.22 0 ""rising"")) / 0.01)",1100
122,look_up_table_pcell:neuron_0p3_monte_carlo_spike_devices:1,"(length(cross(VT(""/axon"") 0.22 0 ""rising"")) / 0.01)",1300
123,look_up_table_pcell:neuron_0p3_monte_carlo_spike_devices:1,"(length(cross(VT(""/axon"") 0.22 0 ""rising"")) / 0.01)",800
124,look_up_table_pcell:neuron_0p3_monte_carlo_spike_devices:1,"(length(cross(VT(""/axon"") 0.22 0 ""rising"")) / 0.01)",1200
125,look_up_table_pcell:neuron_0p3_monte_carlo_spike_devices:1,"(length(cross(VT(""/axon"") 0.22 0 ""rising"")) / 0.01)",1100
126,look_up_table_pcell:neuron_0p3_monte_carlo_spike_devices:1,"(length(cross(VT(""/axon"") 0.22 0 ""rising"")) / 0.01)",1200
127,look_up_table_pcell:neuron_0p3_monte_carlo_spike_devices:1,"(length(cross(VT(""/axon"") 0.22 0 ""rising"")) / 0.01)",900
128,look_up_table_pcell:neuron_0p3_monte_carlo_spike_devices:1,"(length(cross(VT(""/axon"") 0.22 0 ""rising"")) / 0.01)",1100
129,look_up_table_pcell:neuron_0p3_monte_carlo_spike_devices:1,"(length(cross(VT(""/axon"") 0.22 0 ""rising"")) / 0.01)",1900
130,look_up_table_pcell:neuron_0p3_monte_carlo_spike_devices:1,"(length(cross(VT(""/axon"") 0.22 0 ""rising"")) / 0.01)",1100
131,look_up_table_pcell:neuron_0p3_monte_carlo_spike_devices:1,"(length(cross(VT(""/axon"") 0.22 0 ""rising"")) / 0.01)",700
132,look_up_table_pcell:neuron_0p3_monte_carlo_spike_devices:1,"(length(cross(VT(""/axon"") 0.22 0 ""rising"")) / 0.01)",900
133,look_up_table_pcell:neuron_0p3_monte_carlo_spike_devices:1,"(length(cross(VT(""/axon"") 0.22 0 ""rising"")) / 0.01)",1200
134,look_up_table_pcell:neuron_0p3_monte_carlo_spike_devices:1,"(length(cross(VT(""/axon"") 0.22 0 ""rising"")) / 0.01)",900
135,look_up_table_pcell:neuron_0p3_monte_carlo_spike_devices:1,"(length(cross(VT(""/axon"") 0.22 0 ""rising"")) / 0.01)",1400
136,look_up_table_pcell:neuron_0p3_monte_carlo_spike_devices:1,"(length(cross(VT(""/axon"") 0.22 0 ""rising"")) / 0.01)",1300
137,look_up_table_pcell:neuron_0p3_monte_carlo_spike_devices:1,"(length(cross(VT(""/axon"") 0.22 0 ""rising"")) / 0.01)",900
138,look_up_table_pcell:neuron_0p3_monte_carlo_spike_devices:1,"(length(cross(VT(""/axon"") 0.22 0 ""rising"")) / 0.01)",1000
139,look_up_table_pcell:neuron_0p3_monte_carlo_spike_devices:1,"(length(cross(VT(""/axon"") 0.22 0 ""rising"")) / 0.01)",2000
140,look_up_table_pcell:neuron_0p3_monte_carlo_spike_devices:1,"(length(cross(VT(""/axon"") 0.22 0 ""rising"")) / 0.01)",1100
141,look_up_table_pcell:neuron_0p3_monte_carlo_spike_devices:1,"(length(cross(VT(""/axon"") 0.22 0 ""rising"")) / 0.01)",900
142,look_up_table_pcell:neuron_0p3_monte_carlo_spike_devices:1,"(length(cross(VT(""/axon"") 0.22 0 ""rising"")) / 0.01)",1400
143,look_up_table_pcell:neuron_0p3_monte_carlo_spike_devices:1,"(length(cross(VT(""/axon"") 0.22 0 ""rising"")) / 0.01)",900
144,look_up_table_pcell:neuron_0p3_monte_carlo_spike_devices:1,"(length(cross(VT(""/axon"") 0.22 0 ""rising"")) / 0.01)",1100
145,look_up_table_pcell:neuron_0p3_monte_carlo_spike_devices:1,"(length(cross(VT(""/axon"") 0.22 0 ""rising"")) / 0.01)",1800
146,look_up_table_pcell:neuron_0p3_monte_carlo_spike_devices:1,"(length(cross(VT(""/axon"") 0.22 0 ""rising"")) / 0.01)",1000
147,look_up_table_pcell:neuron_0p3_monte_carlo_spike_devices:1,"(length(cross(VT(""/axon"") 0.22 0 ""rising"")) / 0.01)",1200
148,look_up_table_pcell:neuron_0p3_monte_carlo_spike_devices:1,"(length(cross(VT(""/axon"") 0.22 0 ""rising"")) / 0.01)",800
149,look_up_table_pcell:neuron_0p3_monte_carlo_spike_devices:1,"(length(cross(VT(""/axon"") 0.22 0 ""rising"")) / 0.01)",1200
150,look_up_table_pcell:neuron_0p3_monte_carlo_spike_devices:1,"(length(cross(VT(""/axon"") 0.22 0 ""rising"")) / 0.01)",900
151,look_up_table_pcell:neuron_0p3_monte_carlo_spike_devices:1,"(length(cross(VT(""/axon"") 0.22 0 ""rising"")) / 0.01)",1500
152,look_up_table_pcell:neuron_0p3_monte_carlo_spike_devices:1,"(length(cross(VT(""/axon"") 0.22 0 ""rising"")) / 0.01)",900
153,look_up_table_pcell:neuron_0p3_monte_carlo_spike_devices:1,"(length(cross(VT(""/axon"") 0.22 0 ""rising"")) / 0.01)",1200
154,look_up_table_pcell:neuron_0p3_monte_carlo_spike_devices:1,"(length(cross(VT(""/axon"") 0.22 0 ""rising"")) / 0.01)",1200
155,look_up_table_pcell:neuron_0p3_monte_carlo_spike_devices:1,"(length(cross(VT(""/axon"") 0.22 0 ""rising"")) / 0.01)",1100
156,look_up_table_pcell:neuron_0p3_monte_carlo_spike_devices:1,"(length(cross(VT(""/axon"") 0.22 0 ""rising"")) / 0.01)",700
157,look_up_table_pcell:neuron_0p3_monte_carlo_spike_devices:1,"(length(cross(VT(""/axon"") 0.22 0 ""rising"")) / 0.01)",900
158,look_up_table_pcell:neuron_0p3_monte_carlo_spike_devices:1,"(length(cross(VT(""/axon"") 0.22 0 ""rising"")) / 0.01)",1400
159,look_up_table_pcell:neuron_0p3_monte_carlo_spike_devices:1,"(length(cross(VT(""/axon"") 0.22 0 ""rising"")) / 0.01)",1200
160,look_up_table_pcell:neuron_0p3_monte_carlo_spike_devices:1,"(length(cross(VT(""/axon"") 0.22 0 ""rising"")) / 0.01)",1300
161,look_up_table_pcell:neuron_0p3_monte_carlo_spike_devices:1,"(length(cross(VT(""/axon"") 0.22 0 ""rising"")) / 0.01)",1000
162,look_up_table_pcell:neuron_0p3_monte_carlo_spike_devices:1,"(length(cross(VT(""/axon"") 0.22 0 ""rising"")) / 0.01)",1300
163,look_up_table_pcell:neuron_0p3_monte_carlo_spike_devices:1,"(length(cross(VT(""/axon"") 0.22 0 ""rising"")) / 0.01)",1100
164,look_up_table_pcell:neuron_0p3_monte_carlo_spike_devices:1,"(length(cross(VT(""/axon"") 0.22 0 ""rising"")) / 0.01)",1500
165,look_up_table_pcell:neuron_0p3_monte_carlo_spike_devices:1,"(length(cross(VT(""/axon"") 0.22 0 ""rising"")) / 0.01)",900
166,look_up_table_pcell:neuron_0p3_monte_carlo_spike_devices:1,"(length(cross(VT(""/axon"") 0.22 0 ""rising"")) / 0.01)",1900
167,look_up_table_pcell:neuron_0p3_monte_carlo_spike_devices:1,"(length(cross(VT(""/axon"") 0.22 0 ""rising"")) / 0.01)",600
168,look_up_table_pcell:neuron_0p3_monte_carlo_spike_devices:1,"(length(cross(VT(""/axon"") 0.22 0 ""rising"")) / 0.01)",1100
169,look_up_table_pcell:neuron_0p3_monte_carlo_spike_devices:1,"(length(cross(VT(""/axon"") 0.22 0 ""rising"")) / 0.01)",1400
170,look_up_table_pcell:neuron_0p3_monte_carlo_spike_devices:1,"(length(cross(VT(""/axon"") 0.22 0 ""rising"")) / 0.01)",1100
171,look_up_table_pcell:neuron_0p3_monte_carlo_spike_devices:1,"(length(cross(VT(""/axon"") 0.22 0 ""rising"")) / 0.01)",1100
172,look_up_table_pcell:neuron_0p3_monte_carlo_spike_devices:1,"(length(cross(VT(""/axon"") 0.22 0 ""rising"")) / 0.01)",1300
173,look_up_table_pcell:neuron_0p3_monte_carlo_spike_devices:1,"(length(cross(VT(""/axon"") 0.22 0 ""rising"")) / 0.01)",1100
174,look_up_table_pcell:neuron_0p3_monte_carlo_spike_devices:1,"(length(cross(VT(""/axon"") 0.22 0 ""rising"")) / 0.01)",1500
175,look_up_table_pcell:neuron_0p3_monte_carlo_spike_devices:1,"(length(cross(VT(""/axon"") 0.22 0 ""rising"")) / 0.01)",1000
176,look_up_table_pcell:neuron_0p3_monte_carlo_spike_devices:1,"(length(cross(VT(""/axon"") 0.22 0 ""rising"")) / 0.01)",1600
177,look_up_table_pcell:neuron_0p3_monte_carlo_spike_devices:1,"(length(cross(VT(""/axon"") 0.22 0 ""rising"")) / 0.01)",1200
178,look_up_table_pcell:neuron_0p3_monte_carlo_spike_devices:1,"(length(cross(VT(""/axon"") 0.22 0 ""rising"")) / 0.01)",1100
179,look_up_table_pcell:neuron_0p3_monte_carlo_spike_devices:1,"(length(cross(VT(""/axon"") 0.22 0 ""rising"")) / 0.01)",1100
180,look_up_table_pcell:neuron_0p3_monte_carlo_spike_devices:1,"(length(cross(VT(""/axon"") 0.22 0 ""rising"")) / 0.01)",900
181,look_up_table_pcell:neuron_0p3_monte_carlo_spike_devices:1,"(length(cross(VT(""/axon"") 0.22 0 ""rising"")) / 0.01)",1100
182,look_up_table_pcell:neuron_0p3_monte_carlo_spike_devices:1,"(length(cross(VT(""/axon"") 0.22 0 ""rising"")) / 0.01)",1400
183,look_up_table_pcell:neuron_0p3_monte_carlo_spike_devices:1,"(length(cross(VT(""/axon"") 0.22 0 ""rising"")) / 0.01)",900
184,look_up_table_pcell:neuron_0p3_monte_carlo_spike_devices:1,"(length(cross(VT(""/axon"") 0.22 0 ""rising"")) / 0.01)",600
185,look_up_table_pcell:neuron_0p3_monte_carlo_spike_devices:1,"(length(cross(VT(""/axon"") 0.22 0 ""rising"")) / 0.01)",1200
186,look_up_table_pcell:neuron_0p3_monte_carlo_spike_devices:1,"(length(cross(VT(""/axon"") 0.22 0 ""rising"")) / 0.01)",1400
187,look_up_table_pcell:neuron_0p3_monte_carlo_spike_devices:1,"(length(cross(VT(""/axon"") 0.22 0 ""rising"")) / 0.01)",1300
188,look_up_table_pcell:neuron_0p3_monte_carlo_spike_devices:1,"(length(cross(VT(""/axon"") 0.22 0 ""rising"")) / 0.01)",900
189,look_up_table_pcell:neuron_0p3_monte_carlo_spike_devices:1,"(length(cross(VT(""/axon"") 0.22 0 ""rising"")) / 0.01)",1100
190,look_up_table_pcell:neuron_0p3_monte_carlo_spike_devices:1,"(length(cross(VT(""/axon"") 0.22 0 ""rising"")) / 0.01)",900
191,look_up_table_pcell:neuron_0p3_monte_carlo_spike_devices:1,"(length(cross(VT(""/axon"") 0.22 0 ""rising"")) / 0.01)",1200
192,look_up_table_pcell:neuron_0p3_monte_carlo_spike_devices:1,"(length(cross(VT(""/axon"") 0.22 0 ""rising"")) / 0.01)",1400
193,look_up_table_pcell:neuron_0p3_monte_carlo_spike_devices:1,"(length(cross(VT(""/axon"") 0.22 0 ""rising"")) / 0.01)",1100
194,look_up_table_pcell:neuron_0p3_monte_carlo_spike_devices:1,"(length(cross(VT(""/axon"") 0.22 0 ""rising"")) / 0.01)",1100
195,look_up_table_pcell:neuron_0p3_monte_carlo_spike_devices:1,"(length(cross(VT(""/axon"") 0.22 0 ""rising"")) / 0.01)",1000
196,look_up_table_pcell:neuron_0p3_monte_carlo_spike_devices:1,"(length(cross(VT(""/axon"") 0.22 0 ""rising"")) / 0.01)",1200
197,look_up_table_pcell:neuron_0p3_monte_carlo_spike_devices:1,"(length(cross(VT(""/axon"") 0.22 0 ""rising"")) / 0.01)",1400
198,look_up_table_pcell:neuron_0p3_monte_carlo_spike_devices:1,"(length(cross(VT(""/axon"") 0.22 0 ""rising"")) / 0.01)",1100
199,look_up_table_pcell:neuron_0p3_monte_carlo_spike_devices:1,"(length(cross(VT(""/axon"") 0.22 0 ""rising"")) / 0.01)",1000
200,look_up_table_pcell:neuron_0p3_monte_carlo_spike_devices:1,"(length(cross(VT(""/axon"") 0.22 0 ""rising"")) / 0.01)",1300
